{
  "tone": {
    "0": {
      "level": "매우 친근한 말투",
      "description": "이 말투는 개인적이고 친근한 언어를 사용합니다. 공식적인 문맥에서는 적합하지 않을 수 있습니다. 친구나 가까운 동료에게 사용하는 언어와 비슷합니다.",
      "example": "ABC 교수님, 안녕하세요!\n\n7주차 기계학습 과제를 진행하다가 막혀서 이렇게 메일 드려요.\n과제의 평가 기준이 뭔지 알려주실 수 있나요?\n\n최대한 빨리 알려주시면 고마울 것 같아요.\n감사합니다."
    },
    "1": {
      "level": "적절한 수준으로 친근한 말투",
      "description": "이 말투는 적당한 친근함과 함께 존중과 예의를 잘 조화시키는 방식으로 표현됩니다. 상황에 따라 상대방과의 친밀도에 맞추어 약간의 공식성을 더해 사용할 수 있습니다.",
      "example": "ABC 교수님, 안녕하세요.\n\n7주차 기계학습 과제와 관련하여 평가 기준에 대해 문의드립니다.\n가능하시다면 코드의 효율성, 알고리즘 등의 평가 기준을 자세히 설명해주실 수 있으실까요?\n\n감사합니다."
    },
    "2": {
      "level": "정중한 말투",
      "description": "이 말투는 존댓말과 정중한 언어를 사용하여 공식적인 상황에 적합합니다. 교수님과 같은 상급자나 공식적인 연락을 할 때 주로 사용됩니다.",
      "example": "안녕하세요 ABC 교수님,\n\n기계학습 과제를 준비하면서 몇 가지 궁금한 점이 생겨서 연락드립니다.\n혹시 과제의 평가 기준에 대해 조금 더 구체적으로 설명해주실 수 있을까요?\n특히 코드의 효율성과 알고리즘 선택이 얼마나 중요한지, 그리고 결과의 정확성을 어떻게 평가하시는지 궁금합니다.\n\n혹시 이번 주 내에 짧게라도 상담할 시간을 가져볼 수 있을까요?\n\n바쁘신 와중에 이메일을 읽어주셔서 감사합니다. 교수님의 답변을 기다리겠습니다.\n\n감사합니다.\n[이름] 올림"
    },
    "3": {
      "level": "매우 정중한 말투",
      "description": "이 말투는 최고 수준의 공식성과 존경을 표현하며, 매우 중요하거나 공식적인 상황에 사용됩니다. 문체는 매우 정제되고, 상세한 정보를 제공하며, 감사의 말을 강조합니다.",
      "example": "존경하는 교수님,\n\n귀하의 귀중한 시간을 잠시 할애해 주시길 부탁드리며, 이 메일을 송부드립니다.\n저는 교수님의 기계학습 과목을 수강 중인 [학과명]의 [학번] [이름]이며, 과제 준비 과정에서 교수님의 지도가 필요한 몇 가지 사항에 대해 여쭙고자 합니다.\n\n과제 평가 기준에 관한 교수님의 기대와 중점을 두는 부분을 보다 명확히 이해하고자 합니다.\n특히, 코드의 효율성, 알고리즘의 선택, 결과의 정확성 등의 평가 기준이 어떠한 기준으로 채택되는지에 대한 교수님의 깊은 견해를 듣고자 합니다.\n\n교수님의 의견을 듣는 것이 저에게 큰 도움이 될 것이며, 또한 제출 기한 이전에 교수님께 질문할 기회가 있을지에 대해서도 문의드립니다.\n\n바쁘신 가운데에도 이 메일을 읽어 주셔서 진심으로 감사드립니다. 교수님의 소중한 답변을 기다리고 있겠습니다.\n\n존경과 감사를 담아,\n\n[이름] [학번] 올림"
    }
  },
  "quantity": {
    "0": {
      "level": "매우 간결",
      "description": "이메일이 매우 간결하여 주요 정보만 전달합니다. 질문이 직접적이며, 추가 정보나 배경 설명은 제공되지 않습니다.",
      "example": "안녕하세요 ABC 교수님,\n\n7주차 기계학습 과제의 평가 기준이 정확히 무엇인지 알고자 문의 드립니다.\n\n감사합니다.\n\n[이름]"
    },
    "1": {
      "level": "간결하지만 필요 정보 포함",
      "description": "이메일은 여전히 간결하지만, 질문을 이해할 수 있도록 필요한 정보를 포함합니다. 직접적인 요청에 약간의 배경이 추가됩니다.",
      "example": "안녕하세요, ABC 교수님.\n\n7주차 기계학습 과제의 주요 평가 기준에 대해 알고 싶습니다.\n코드의 시간 복잡도, 알고리즘 등의 여러 요소가 고려될 것으로 보이는데 이 중 어떤 요소들이 중요한지 알고자 하여 문의드립니다.\n\n감사합니다.\n\n[이름] 올림"
    },
    "2": {
      "level": "구체적",
      "description": "이메일은 상세한 정보를 제공하여 수신자가 질문의 맥락을 더 잘 이해할 수 있도록 합니다. 질문은 구체적이며, 관련된 배경 정보나 기대하는 답변의 유형이 포함됩니다.",
      "example": "안녕하세요 ABC 교수님,\n\n저는 교수님의 기계학습 과목을 수강하고 있는 [이름]입니다. 7주차 과제를 준비하며 과제의 평가 기준에 대해 명확히 알고 싶어 이렇게 이메일을 드립니다. 특히 코드의 효율성, 알고리즘의 선택, 결과의 정확도 등 각 요소들이 평가에 어떤 비중으로 반영되는지 자세히 알고 싶습니다.\n\n추가로, 각 요소의 평가 비중과 과제 완성에 있어 교수님께서 기대하시는 다른 중요한 세부 사항이 있다면 알려주실 수 있는지 문의드립니다. 이와 함께, 과제 제출 과정에서 흔히 발생할 수 있는 오류나 피해야 할 점들에 대해서도 조언을 구하고자 합니다.\n\n교수님의 바쁜 일정 중에 이러한 상세한 정보를 요청드리게 되어 대단히 사과의 말씀을 드립니다. 교수님의 답변은 제 학문적 성장에 매우 큰 도움이 되며 귀감이 될 것임을 확신합니다. 이 모든 요청에 대한 교수님의 소중한 시간과 노력에 미리 감사드립니다.\n\n존경과 감사를 담아,\n\n[이름] [학번] 올림 [학과명] [대학교명]"
    },
    "3": {
      "level": "매우 구체적",
      "description": "이메일은 상당히 구체적이고, 질문의 배경, 관련된 모든 세부 정보, 기대하는 답변의 예시 등을 포함합니다. 보내는 이에게 매우 구체적인 요구 사항을 제시하며, 모든 가능한 측면에서 정보를 요청합니다.",
      "example": "존경하는 ABC 교수님,\n\n저는 교수님의 7주차 기계학습 과목을 열심히 참여하고 있는 00반의 [이름]입니다. 본 메일은 7주차 기계학습 과목의 과제 평가 기준에 대한 심도 깊은 이해를 얻기 위해 송부드립니다. 저는 해당 과목에 큰 열정을 가지고 있으며, 교수님의 평가 기준에 맞추어 최상의 결과를 도출하고자 합니다. 평가 시 고려되는 각 요소와 코드의 최적화 정도, 선택된 알고리즘의 적합성, 결과의 정확성—의 구체적인 기준과, 이들이 어떻게 점수화되는지에 대한 척도에 대해 자세한 설명을 부탁드립니다. 추가로, 각 요소의 평가 비중과, 과제 완성에 있어 교수님께서 기대하시는 다른 중요한 세부 사항이 있다면, 그 정보를 포함하여 저에게 알려주실 수 있는지 문의드립니다. 이와 함께, 과제 제출 과정에서 흔히 발생할 수 있는 오류나 피해야 할 점들에 대해서도 조언을 구하고자 합니다. 교수님의 바쁜 일정 중에 이러한 상세한 정보를 요청드리게 되어 대단히 사과의 말씀을 드립니다. 교수님의 답변은 제 학문적 성장에 매우 큰 도움이 되며 귀감이 될 것임을 확신합니다. 이 모든 요청에 대한 교수님의 소중한 시간과 노력에 미리 감사드립니다. 존경과 감사를 담아, [이름] [학번] 올림 [학과명] [대학교명]"
    }
  },
  "expression": {
    "0": {
      "level": "용건만",
      "description": "이메일이 매우 간결하며, 용건에만 집중합니다. 개인적인 안부나 추가적인 문장 없이 필요한 정보만을 전달합니다.",
      "example": "안녕하세요, ABC 교수님\n\n7주차 기계학습 과제의 평가 기준에 대해 안내받고자 합니다.\n감사합니다.\n\n[이름]"
    },
    "1": {
      "level": "간결하지만 기본적인 문안 인사 포함",
      "description": "간결함을 유지하면서도 기본적인 인사와 함께 핵심적인 질문을 제공합니다. 정중하면서도 간결한 표현을 사용합니다.",
      "example": "안녕하세요 ABC 교수님,\n\n저는 교수님의 7주차 기계학습 과목을 열심히 수강하고 있는 00반의 [이름]입니다.\n다름이 아니라, 이번 학생들의 7주차 기계학습 과제에 대한 평가 기준을 문의드립니다.\n귀중한 시간을 할애해 주셔서 감사합니다.\n\n[이름] 올림"
    },
    "2": {
      "level": "인사 및 간단한 안부 포함",
      "description": "간단한 인사와 함께 교수님의 안부를 묻고, 질문을 좀 더 인간적이고 친근하게 표현합니다. 훈훈한 인간 관계를 고려한 메시지입니다.",
      "example": "안녕하세요, ABC 교수님.\n\n저는 교수님의 7주차 기계학습 과목을 열심히 수강하고 있는 00반의 [이름]입니다. 교수님께서는 건강하게 잘 계시는지 궁금합니다. 최근 바쁘신 일정 속에서도 항상 학생들을 위해 열정적인 수업과 함께 최선을 다해 주셔서 진심으로 감사드립니다. 다름이 아니라, 7주차 기계학습 과제에 대한 평가 기준을 안내받고 싶습니다.\n\n감사합니다.\n[이름] 올림"
    },
    "3": {
      "level": "문안인사와 안부 포함",
      "description": "교수님에 대한 깊은 존경과 관심을 표현하며, 구체적인 요청 사항 외에도 개인적인 관심사를 포함합니다. 매우 친밀하고 따뜻한 인간적 접근을 사용합니다.",
      "example": "안녕십니까 ABC 교수님,\n\n항상 교육에 헌신하시는 모습에 깊은 존경의 마음을 전합니다. 교수님의 수업을 통해 기계학습에 대한 깊은 열정을 키워나가고 있으며, 교수님께서 수업 중 강조하신 여러 가지 개념들이 저에게 큰 영감을 주고 있습니다.\n\n7주차 과제를 준비하며 과제의 평가 기준에 대해 명확히 알고 싶어 이렇게 이메일을 드립니다. 특히 코드의 효율성, 알고리즘의 선택, 결과의 정확도 등 각 요소들이 평가에 어떤 비중으로 반영되는지 자세히 알고 싶습니다. 또한, 교수님의 연구가 이 과제와 어떻게 연결되는지도 궁금합니다. 교수님의 연구 주제에 대해 듣고 배우는 것이 저에게는 큰 동기부여가 됩니다.\n\n교수님께서 항상 연구와 교육에 열정을 쏟으시는 모습을 보며 많은 것을 배우고 있습니다. 바쁘신 와중에도 제 질문에 시간을 내어 주셔서 진심으로 감사드립니다. 교수님의 건강과 행복을 기원하며, 답변을 기다리겠습니다.\n\n감사합니다.\n\n[이름] 올림 [학번] [학과] [대학교명]"
    }
  }
}
